<?xml version="1.0" encoding="utf-8"?>

<!--
@name     Contact Button|Viber Phone Number
@author   Andrii Burkatskyi, ocmod.space@gmail.com
@version  1.3.1
@link     https://www.ocmod.space/contact-button
@link     https://github.com/ocmod-space/ocmod-contact-button
@licence  https://raw.githubusercontent.com/ocmod-space/ocmod-contact-button/main/EULA.txt
-->

<modification>
	<name>#ocmod.space: contact-button|viber-phone-number</name>
	<code>contact-button--viber-phone-number</code>
	<version>1.3.1</version>
	<author>Andrii Burkatskyi</author>
	<link>https://www.opencart.com/index.php?route=marketplace/extension&amp;filter_member=ocmod.space</link>

	<file path="catalog/controller/extension/module/contact_button.php" error="log">
		<operation error="log">
			<search>
				<![CDATA[$html .= $this->getA('Viber', 'viber://pa?chatURI=' . trim($this->mconfig['viber']));]]>
			</search>
			<add position="replace">
				<![CDATA[if (filter_var($this->mconfig['viber'], FILTER_SANITIZE_NUMBER_INT)) {
					$html .= $this->getA('Viber', 'viber://chat?number=' . ltrim($this->mconfig['viber'], '+'));
				}]]>
			</add>
		</operation>

	</file>

	<file path="admin/language/*/extension/module/contact_button.php" error="log">
		<operation error="ignore">
			<search>
				<![CDATA[help_viber]]>
			</search>
			<add position="after">
				<![CDATA[$_['help_viber'] = 'Phone number linked with your Viber account in full international format (exluding <code>+</code> sign), e.g.,380123456789.';]]>
			</add>
		</operation>

	</file>
</modification>
