<?xml version="1.0" encoding="utf-8"?>

<!--
@name     Contact Button|Viber Chat
@author   Andrii Burkatskyi, ocmod.space@gmail.com
@version  1.2.3
@link     https://www.ocmod.space/contact-button
@link     https://github.com/ocmod-space/ocmod-contact-button
@licence  https://raw.githubusercontent.com/ocmod-space/ocmod-contact-button/main/EULA.txt
-->

<modification>
	<name>#ocmod.space: contact-button|viber-chat</name>
	<code>contact-button--viber-chat</code>
	<version>1.2.3</version>
	<author>Andrii Burkatskyi</author>
	<link>https://www.opencart.com/index.php?route=marketplace/extension&amp;filter_member=ocmod.space</link>

	<file path="catalog/controller/extension/module/contact_button.php" error="log">
		<operation error="log">
			<search>
				<![CDATA[$this->getA('Viber', 'viber://chat?number=' . ltrim($this->mconf['viber'], '+'))]]>
			</search>
			<add position="replace">
				<![CDATA[$this->getA('Viber', 'viber://pa?chatURI=' . trim($this->mconf['viber']))]]>
			</add>
		</operation>

	</file>

	<file path="admin/language/en-gb/extension/module/contact_button.php" error="log">
		<operation error="log">
			<search>
				<![CDATA[help_viber]]>
			</search>
			<add position="after">
				<![CDATA[$_['help_viber'] = 'Viber chat <URI>';]]>
			</add>
		</operation>

	</file>
</modification>
